{
    "ACWP": 240600.0,
    "BAC": 571200.0,
    "BCWP": 195400.0,
    "BCWR": 375800.0,
    "BCWS": 190400.0,
    "CPI": 0.8121363258520365,
    "CV": -45200.0,
    "EAC": 616400.0,
    "PEAC": 0.7263471467702959,
    "PETC": 545800.8312551953,
    "PTCPI": 786400.8312551953,
    "PerComp": 0.34208683473389356,
    "SPI": 1.0262605042016806,
    "SV": 5000.0,
    "TCPI": 0.9266709928617781,
    "VAC": -45200.0
}